problem_id,status,effective_maxloop,branches,candidate_paths,validated_candidates,minimum_tests,eppather_predicted_edges,eppather_predicted_coverage,eppather_covered_edges,eppather_coverage,official_tests,official_covered_edges,official_coverage,coverage_prediction_correct,path_replay_matches,detail
0000,ok,10,2,1,1,1,4,100.0,4,100.0,1,4,100.0,True,1,
0001,ok,2,4,2,2,1,8,100.0,8,100.0,4,8,100.0,True,2,
0002,not_applicable,,,,,,,,,,,,,,,maxloop=2: scanf arity | maxloop=10: scanf arity | maxloop=5: scanf arity | maxloop=3: scanf arity | maxloop=2: scanf arity
0003,ok,2,2,4,4,2,4,100.0,4,100.0,1,4,100.0,True,4,
0006,not_applicable,,,,,,,,,,,,,,,maxloop=2: no plain int main | maxloop=10: unsupported scanf format | maxloop=5: unsupported scanf format | maxloop=3: unsupported scanf format | maxloop=2: unsupported scanf format
0007,ok,10,1,2,2,1,2,100.0,2,100.0,1,2,100.0,True,2,
0011,not_applicable,,,,,,,,,,,,,,,"maxloop=2: Command '['/home/runner/work/eppather/eppather/cnip', '-q', '--maxloop', '2', '--maxpaths', '400', '/tmp/tmpzx7niqhu/model.c']' timed out after 45 seconds | maxloop=10: scanf arity | maxloop=5: scanf arity | maxloop=3: scanf arity | maxloop=2: scanf arity"
0014,not_applicable,,,,,,,,,,,,,,,maxloop=2: complex scanf target | maxloop=10: complex scanf target | maxloop=5: complex scanf target | maxloop=3: complex scanf target | maxloop=2: complex scanf target
0015,not_applicable,,,,,,,,,,,,,,,maxloop=2: non-integer input API | maxloop=10: no plain int main | maxloop=5: no plain int main | maxloop=3: no plain int main | maxloop=2: no plain int main
0017,not_applicable,,,,,,,,,,,,,,,maxloop=2: no plain int main | maxloop=10: non-integer input API | maxloop=5: non-integer input API | maxloop=3: non-integer input API | maxloop=2: non-integer input API
0018,ok,10,6,2,2,1,9,75.0,10,83.33333333333333,4,12,100.0,False,2,
0019,ok,10,1,11,11,1,2,100.0,2,100.0,1,2,100.0,True,11,
0020,not_applicable,,,,,,,,,,,,,,,maxloop=2: non-integer input API | maxloop=10: non-integer input API | maxloop=5: non-integer input API | maxloop=3: non-integer input API | maxloop=2: non-integer input API
0022,not_applicable,,,,,,,,,,,,,,,maxloop=2: no plain int main | maxloop=10: scanf arity | maxloop=5: scanf arity | maxloop=3: scanf arity | maxloop=2: scanf arity
0025,not_applicable,,,,,,,,,,,,,,,maxloop=2: no plain int main | maxloop=10: scanf arity | maxloop=5: scanf arity | maxloop=3: scanf arity | maxloop=2: scanf arity
0026,not_applicable,,,,,,,,,,,,,,,maxloop=2: scanf arity | maxloop=10: scanf arity | maxloop=5: scanf arity | maxloop=3: scanf arity | maxloop=2: scanf arity
0027,not_applicable,,,,,,,,,,,,,,,maxloop=2: Command '['/tmp/tmpk6trswzx/original_run']' timed out after 5 seconds | maxloop=10: complex scanf target | maxloop=5: complex scanf target | maxloop=3: complex scanf target | maxloop=2: complex scanf target
0028,not_applicable,,,,,,,,,,,,,,,"maxloop=2: compile run.c:18:9: error: expected expression before ‘}’ token
   18 |         }
      |         ^
/tmp/tmp38dx00uq/model_run.c: In function ‘main’:
/tmp/tmp38dx00uq/model_run.c:23:90: warning: implicit declaration of function ‘atoi’ [-Wimplicit-function-declaration]
   23 | int main(int argc,char**argv){int input[64]={0};for(int i=1;i<argc&&i<=64;i++)input[i-1]=atoi(argv[i]);return epp_model(input);}
      |                                                                                          ^~~~
 | maxloop=10: scanf arity | maxloop=5: scanf arity | maxloop=3: scanf arity | maxloop=2: scanf arity"
0030,not_applicable,,,,,,,,,,,,,,,"maxloop=2: no plain int main | maxloop=10: helper/external calls: comb,memset | maxloop=5: helper/external calls: comb,memset | maxloop=3: helper/external calls: comb,memset | maxloop=2: helper/external calls: comb,memset"
0031,not_applicable,,,,,,,,,,,,,,,maxloop=2: scanf arity | maxloop=10: scanf arity | maxloop=5: scanf arity | maxloop=3: scanf arity | maxloop=2: scanf arity
0032,not_applicable,,,,,,,,,,,,,,,maxloop=2: scanf arity | maxloop=10: scanf arity | maxloop=5: scanf arity | maxloop=3: scanf arity | maxloop=2: scanf arity
0033,not_applicable,,,,,,,,,,,,,,,"maxloop=2: compile .c:52:9: error: expected expression before ‘else’
   52 |         else
      |         ^~~~
/tmp/tmpucypqt9j/model_run.c: In function ‘main’:
/tmp/tmpucypqt9j/model_run.c:59:90: warning: implicit declaration of function ‘atoi’ [-Wimplicit-function-declaration]
   59 | int main(int argc,char**argv){int input[64]={0};for(int i=1;i<argc&&i<=64;i++)input[i-1]=atoi(argv[i]);return epp_model(input);}
      |                                                                                          ^~~~
 | maxloop=10: compile     if (EPP_TRACE(7, (i>=10))) else
      |                                            ^~~~
/tmp/tmpk_hmk2nl/model_run.c: In function ‘main’:
/tmp/tmpk_hmk2nl/model_run.c:31:90: warning: implicit declaration of function ‘atoi’ [-Wimplicit-function-declaration]
   31 | int main(int argc,char**argv){int input[64]={0};for(int i=1;i<argc&&i<=64;i++)input[i-1]=atoi(argv[i]);return epp_model(input);}
      |                                                                                          ^~~~
 | maxloop=5: compile     if (EPP_TRACE(7, (i>=10))) else
      |                                            ^~~~
/tmp/tmpq4ix2qfh/model_run.c: In function ‘main’:
/tmp/tmpq4ix2qfh/model_run.c:31:90: warning: implicit declaration of function ‘atoi’ [-Wimplicit-function-declaration]
   31 | int main(int argc,char**argv){int input[64]={0};for(int i=1;i<argc&&i<=64;i++)input[i-1]=atoi(argv[i]);return epp_model(input);}
      |                                                                                          ^~~~
 | maxloop=3: compile     if (EPP_TRACE(7, (i>=10))) else
      |                                            ^~~~
/tmp/tmpvx2nr3if/model_run.c: In function ‘main’:
/tmp/tmpvx2nr3if/model_run.c:31:90: warning: implicit declaration of function ‘atoi’ [-Wimplicit-function-declaration]
   31 | int main(int argc,char**argv){int input[64]={0};for(int i=1;i<argc&&i<=64;i++)input[i-1]=atoi(argv[i]);return epp_model(input);}
      |                                                                                          ^~~~
 | maxloop=2: compile     if (EPP_TRACE(7, (i>=10))) else
      |                                            ^~~~
/tmp/tmp9jl2gcpa/model_run.c: In function ‘main’:
/tmp/tmp9jl2gcpa/model_run.c:31:90: warning: implicit declaration of function ‘atoi’ [-Wimplicit-function-declaration]
   31 | int main(int argc,char**argv){int input[64]={0};for(int i=1;i<argc&&i<=64;i++)input[i-1]=atoi(argv[i]);return epp_model(input);}
      |                                                                                          ^~~~
"
0045,not_applicable,,,,,,,,,,,,,,,maxloop=2: scanf arity | maxloop=10: scanf arity | maxloop=5: scanf arity | maxloop=3: scanf arity | maxloop=2: scanf arity
0047,not_applicable,,,,,,,,,,,,,,,maxloop=2: unsupported scanf format | maxloop=10: unsupported scanf format | maxloop=5: unsupported scanf format | maxloop=3: unsupported scanf format | maxloop=2: unsupported scanf format
0051,not_applicable,,,,,,,,,,,,,,,maxloop=2: unsupported scanf format | maxloop=10: unsupported scanf format | maxloop=5: unsupported scanf format | maxloop=3: unsupported scanf format | maxloop=2: unsupported scanf format
0052,not_applicable,,,,,,,,,,,,,,,maxloop=2: Command '['/tmp/tmplfs808xl/original_run']' timed out after 5 seconds | maxloop=10: no plain int main | maxloop=5: no plain int main | maxloop=3: no plain int main | maxloop=2: no plain int main
0057,not_applicable,,,,,,,,,,,,,,,maxloop=2: scanf arity | maxloop=10: no plain int main | maxloop=5: no plain int main | maxloop=3: no plain int main | maxloop=2: no plain int main
0063,not_applicable,,,,,,,,,,,,,,,maxloop=2: no plain int main | maxloop=10: non-integer input API | maxloop=5: non-integer input API | maxloop=3: non-integer input API | maxloop=2: non-integer input API
0100,ok,10,10,1,1,0,0,0.0,0,0.0,1,0,0.0,True,1,
0103,not_applicable,,,,,,,,,,,,,,,maxloop=2: unsupported scanf format | maxloop=10: unsupported scanf format | maxloop=5: unsupported scanf format | maxloop=3: unsupported scanf format | maxloop=2: unsupported scanf format
0276,ok,10,2,2,2,1,4,100.0,4,100.0,8,4,100.0,True,2,
0335,ok,10,0,1,1,0,0,100,0,100,7,0,100,True,1,
0512,not_applicable,,,,,,,,,,,,,,,maxloop=2: unsupported scanf format | maxloop=10: unsupported scanf format | maxloop=5: unsupported scanf format | maxloop=3: unsupported scanf format | maxloop=2: unsupported scanf format
0521,not_applicable,,,,,,,,,,,,,,,"maxloop=2: cnip !!!a!!!!
equals!!!!!1000-a!!!!
equals!!!!!0!!!!
equals!!!!!0!!!!
equals!!!!!epp_bound_1 = 0!!!!
equals!!!!!2!!!!
equals!!!!!6!!!!
equals!!!!!(i<6)!!!!
equals!!!!!1!!!!
equals!!!!!i + 1!!!!
equals!!!!!1!!!!
equals!!!!!epp_bound_1 + 1!!!!
equals!!!!!epp_bound_1 = epp_bound_1 + 1!!!!
equals!!!!!0!!!!
equals!!!!!2!!!!
equals!!!!!coin[i]!!!!
equals!!!!!(a>=coin[i])!!!!
equals!!!!!1!!!!
equals!!!!!epp_bound_2 + 1!!!!
equals!!!!!coin[i]!!!!
equals!!!!!1!!!!
equals!!!!!c + 1!!!!
DFS2 is ready to dump ~
 | maxloop=10: no plain int main | maxloop=5: no plain int main | maxloop=3: no plain int main | maxloop=2: no plain int main"
0522,not_applicable,,,,,,,,,,,,,,,maxloop=2: unsupported scanf format | maxloop=10: unsupported scanf format | maxloop=5: unsupported scanf format | maxloop=3: unsupported scanf format | maxloop=2: unsupported scanf format
0532,ok,10,2,2,2,1,4,100.0,4,100.0,5,4,100.0,True,2,
0554,ok,10,1,2,2,1,2,100.0,2,100.0,5,2,100.0,True,2,
0592,ok,3,2,1,1,1,3,75.0,3,75.0,5,4,100.0,True,1,
1129,not_applicable,,,,,,,,,,,,,,,"maxloop=2: no plain int main | maxloop=10: cnip !!!1!!!!
equals!!!!!epp_bound_4 + 1!!!!
equals!!!!!epp_bound_4 = epp_bound_4 + 1!!!!
equals!!!!!1!!!!
equals!!!!!j!!!!
equals!!!!!b[p-1+j]!!!!
equals!!!!!c!!!!
equals!!!!!0!!!!
equals!!!!!epp_bound_5 = 0!!!!
equals!!!!!10!!!!
equals!!!!!p!!!!
equals!!!!!1!!!!
equals!!!!!c+p-1!!!!
equals!!!!!(j<c+p-1)!!!!
equals!!!!!1!!!!
equals!!!!!j + 1!!!!
equals!!!!!1!!!!
equals!!!!!epp_bound_5 + 1!!!!
equals!!!!!epp_bound_5 = epp_bound_5 + 1!!!!
equals!!!!!c!!!!
equals!!!!!b[j-c]!!!!
DFS2 is ready to dump ~
 | maxloop=5: cnip !!!!1!!!!
equals!!!!!epp_bound_4 + 1!!!!
equals!!!!!epp_bound_4 = epp_bound_4 + 1!!!!
equals!!!!!1!!!!
equals!!!!!j!!!!
equals!!!!!b[p-1+j]!!!!
equals!!!!!c!!!!
equals!!!!!0!!!!
equals!!!!!epp_bound_5 = 0!!!!
equals!!!!!5!!!!
equals!!!!!p!!!!
equals!!!!!1!!!!
equals!!!!!c+p-1!!!!
equals!!!!!(j<c+p-1)!!!!
equals!!!!!1!!!!
equals!!!!!j + 1!!!!
equals!!!!!1!!!!
equals!!!!!epp_bound_5 + 1!!!!
equals!!!!!epp_bound_5 = epp_bound_5 + 1!!!!
equals!!!!!c!!!!
equals!!!!!b[j-c]!!!!
DFS2 is ready to dump ~
 | maxloop=3: cnip !!!!1!!!!
equals!!!!!epp_bound_4 + 1!!!!
equals!!!!!epp_bound_4 = epp_bound_4 + 1!!!!
equals!!!!!1!!!!
equals!!!!!j!!!!
equals!!!!!b[p-1+j]!!!!
equals!!!!!c!!!!
equals!!!!!0!!!!
equals!!!!!epp_bound_5 = 0!!!!
equals!!!!!3!!!!
equals!!!!!p!!!!
equals!!!!!1!!!!
equals!!!!!c+p-1!!!!
equals!!!!!(j<c+p-1)!!!!
equals!!!!!1!!!!
equals!!!!!j + 1!!!!
equals!!!!!1!!!!
equals!!!!!epp_bound_5 + 1!!!!
equals!!!!!epp_bound_5 = epp_bound_5 + 1!!!!
equals!!!!!c!!!!
equals!!!!!b[j-c]!!!!
DFS2 is ready to dump ~
 | maxloop=2: cnip !!!!1!!!!
equals!!!!!epp_bound_4 + 1!!!!
equals!!!!!epp_bound_4 = epp_bound_4 + 1!!!!
equals!!!!!1!!!!
equals!!!!!j!!!!
equals!!!!!b[p-1+j]!!!!
equals!!!!!c!!!!
equals!!!!!0!!!!
equals!!!!!epp_bound_5 = 0!!!!
equals!!!!!2!!!!
equals!!!!!p!!!!
equals!!!!!1!!!!
equals!!!!!c+p-1!!!!
equals!!!!!(j<c+p-1)!!!!
equals!!!!!1!!!!
equals!!!!!j + 1!!!!
equals!!!!!1!!!!
equals!!!!!epp_bound_5 + 1!!!!
equals!!!!!epp_bound_5 = epp_bound_5 + 1!!!!
equals!!!!!c!!!!
equals!!!!!b[j-c]!!!!
DFS2 is ready to dump ~
"
1130,not_applicable,,,,,,,,,,,,,,,maxloop=2: no plain int main | maxloop=10: scanf arity | maxloop=5: scanf arity | maxloop=3: scanf arity | maxloop=2: scanf arity
1141,not_applicable,,,,,,,,,,,,,,,maxloop=2: helper/external calls: judge | maxloop=10: no feasible paths | maxloop=5: no feasible paths | maxloop=3: no feasible paths | maxloop=2: no feasible paths
1159,not_applicable,,,,,,,,,,,,,,,maxloop=2: no plain int main | maxloop=10: scanf arity | maxloop=5: scanf arity | maxloop=3: scanf arity | maxloop=2: scanf arity
1160,not_applicable,,,,,,,,,,,,,,,maxloop=2: complex scanf target | maxloop=10: scanf arity | maxloop=5: scanf arity | maxloop=3: scanf arity | maxloop=2: scanf arity
1186,not_applicable,,,,,,,,,,,,,,,maxloop=2: scanf arity | maxloop=10: Command '['/tmp/tmprrj47bwh/original_run']' timed out after 5 seconds | maxloop=5: Command '['/tmp/tmp836c0bv7/original_run']' timed out after 5 seconds | maxloop=3: Command '['/tmp/tmpdr9afgsm/original_run']' timed out after 5 seconds | maxloop=2: Command '['/tmp/tmpzj0iqio0/original_run']' timed out after 5 seconds
1192,not_applicable,,,,,,,,,,,,,,,"maxloop=2: compile                                                                                           ^
/tmp/tmph06zqwpj/model_run.c: In function ‘main’:
/tmp/tmph06zqwpj/model_run.c:20:90: warning: implicit declaration of function ‘atoi’ [-Wimplicit-function-declaration]
   20 | int main(int argc,char**argv){int input[64]={0};for(int i=1;i<argc&&i<=64;i++)input[i-1]=atoi(argv[i]);return epp_model(input);}
      |                                                                                          ^~~~
 | maxloop=10: scanf arity | maxloop=5: scanf arity | maxloop=3: scanf arity | maxloop=2: scanf arity"
2000,not_applicable,,,,,,,,,,,,,,,maxloop=2: scanf arity | maxloop=10: scanf arity | maxloop=5: scanf arity | maxloop=3: scanf arity | maxloop=2: scanf arity
2197,not_applicable,,,,,,,,,,,,,,,maxloop=2: no plain int main | maxloop=10: no plain int main | maxloop=5: no plain int main | maxloop=3: no plain int main | maxloop=2: no plain int main
ALDS1_10_B,not_applicable,,,,,,,,,,,,,,,"maxloop=2: cnip  M[j]!!!!
equals!!!!!key[i][k] + key[k+1][j] + M[i-1] * M[k] * M[j]!!!!
equals!!!!!q!!!!
equals!!!!!q!!!!
DFS2 is ready to dump ~
Error: unsupported type for sort: int [102], file: /home/zhangliwei/eppather/epat++/libepat++/src/smt_expr.cpp, line: 53

Error: unsupported type for sort: int [102], file: /home/zhangliwei/eppather/epat++/libepat++/src/smt_expr.cpp, line: 53

[DFS TIME COST]: 0.0518527 seconds
[FEASIBLE PATHS]:
  (none)
[MATRIX]:
[DFS MAX MEMS]: -1
[DFS MIN MEMS]: 0
[matrix_before]:
 | maxloop=10: complex scanf target | maxloop=5: complex scanf target | maxloop=3: complex scanf target | maxloop=2: complex scanf target"
ALDS1_10_C,not_applicable,,,,,,,,,,,,,,,maxloop=2: unsupported scanf format | maxloop=10: unsupported scanf format | maxloop=5: unsupported scanf format | maxloop=3: unsupported scanf format | maxloop=2: unsupported scanf format
